品牌 (Brand),區域 (Region),年份 (Year),車款 (Models)
Alfa Romeo,歐洲 (義大利),2015,Giulietta、MiTo、4C、Giulia
Alfa Romeo,歐洲 (義大利),2016,Giulietta、MiTo、4C、Giulia、Stelvio
Alfa Romeo,歐洲 (義大利),2017,Giulietta、MiTo、4C、Giulia、Stelvio
Alfa Romeo,歐洲 (義大利),2018,Giulietta、MiTo、4C、Giulia、Stelvio
Alfa Romeo,歐洲 (義大利),2019,Giulietta、MiTo、4C Spider、Giulia、Stelvio
Alfa Romeo,歐洲 (義大利),2020,Giulia、Stelvio、Tonale (concept)
Alfa Romeo,歐洲 (義大利),2021,Giulia、Stelvio、Tonale
Alfa Romeo,歐洲 (義大利),2022,Giulia、Stelvio、Tonale
Alfa Romeo,歐洲 (義大利),2023,Giulia、Stelvio、Tonale、Brennero (concept)
Alfa Romeo,歐洲 (義大利),2024,Giulia、Stelvio、Tonale、Junior
Aston Martin,歐洲 (英國),2015,Vanquish、Rapide S、DB9、V8 Vantage、V12 Vantage
Aston Martin,歐洲 (英國),2016,Vanquish、Rapide S、DB9 GT、V8 Vantage、V12 Vantage
Aston Martin,歐洲 (英國),2017,Vanquish S、Rapide S、DB11、V8 Vantage、V12 Vantage
Aston Martin,歐洲 (英國),2018,Vanquish S、Rapide S、DB11、Vantage、DBS Superleggera
Aston Martin,歐洲 (英國),2019,DB11、Vantage、DBS Superleggera、Rapide AMR
Aston Martin,歐洲 (英國),2020,DB11、Vantage、DBS Superleggera、DBX
Aston Martin,歐洲 (英國),2021,DB11、Vantage、DBS、DBX、Valkyrie
Aston Martin,歐洲 (英國),2022,DB11、Vantage、DBS、DBX 707、Valkyrie
Aston Martin,歐洲 (英國),2023,DB12、Vantage、DBS、DBX 707
Aston Martin,歐洲 (英國),2024,DB12、Vantage、DBS、DBX 707、Vanquish
Audi,歐洲 (德國),2015,A1、A3、A4、A5、A6、A7、A8、Q3、Q5、Q7、TT、R8、S3、S4、S5、S6、S7、S8、RS3、RS5、RS6、RS7、SQ5
Audi,歐洲 (德國),2016,A1、A3、A4、A5、A6、A7、A8、Q3、Q5、Q7、TT、R8、S3、S4、S5、S6、S7、S8、RS3、RS5、RS6、RS7、SQ5、Q2
Audi,歐洲 (德國),2017,A1、A3、A4、A5、A6、A7、A8、Q2、Q3、Q5、Q7、TT、R8、S3、S4、S5、S6、S7、S8、RS3、RS5、RS6、RS7、SQ5
Audi,歐洲 (德國),2018,A1、A3、A4、A5、A6、A7、A8、Q2、Q3、Q5、Q7、Q8、TT、R8、e-tron、S3、S4、S5、RS3、RS4、RS5
Audi,歐洲 (德國),2019,A1、A3、A4、A5、A6、A7、A8、Q2、Q3、Q5、Q7、Q8、TT、R8、e-tron、S3、S4、S5、S6、S7、RS3、RS4、RS5、RS6、RS7
Audi,歐洲 (德國),2020,A1、A3、A4、A5、A6、A7、A8、Q2、Q3、Q5、Q7、Q8、TT、R8、e-tron、e-tron Sportback、S3、S4、S5、RS Q8、RS6、RS7
Audi,歐洲 (德國),2021,A1、A3、A4、A5、A6、A7、A8、Q2、Q3、Q5、Q7、Q8、TT、R8、e-tron、e-tron GT、S3、RS3、RS Q3、RS Q8、RS6、RS7
Audi,歐洲 (德國),2022,A1、A3、A4、A5、A6、A7、A8、Q2、Q3、Q4 e-tron、Q5、Q7、Q8、TT、R8、e-tron、e-tron GT、RS3、RS Q3、RS Q8、RS6、RS7
Audi,歐洲 (德國),2023,A1、A3、A4、A5、A6、A7、A8、Q2、Q3、Q4 e-tron、Q5、Q7、Q8、Q8 e-tron、R8、e-tron GT、RS3、RS Q3、RS Q8、RS6、RS7
Audi,歐洲 (德國),2024,A3、A4、A5、A6、A7、A8、Q2、Q3、Q4 e-tron、Q5、Q6 e-tron、Q7、Q8、Q8 e-tron、e-tron GT、RS3、RS Q3、RS Q8、RS6、RS7
BMW,歐洲 (德國),2015,1 Series、2 Series、3 Series、4 Series、5 Series、6 Series、7 Series、X1、X3、X4、X5、X6、Z4、i3、i8、M3、M4、M5、M6
BMW,歐洲 (德國),2016,1 Series、2 Series、3 Series、4 Series、5 Series、6 Series、7 Series、X1、X3、X4、X5、X6、Z4、i3、i8、M2、M3、M4、M5、M6
BMW,歐洲 (德國),2017,1 Series、2 Series、3 Series、4 Series、5 Series、6 Series、7 Series、X1、X2、X3、X4、X5、X6、Z4、i3、i8、M2、M3、M4、M5、M6
BMW,歐洲 (德國),2018,1 Series、2 Series、3 Series、4 Series、5 Series、6 Series、7 Series、X1、X2、X3、X4、X5、X6、X7、Z4、i3、i8、M2、M3、M4、M5
BMW,歐洲 (德國),2019,1 Series、2 Series、3 Series、4 Series、5 Series、7 Series、8 Series、X1、X2、X3、X4、X5、X6、X7、Z4、i3、i8、M2、M3、M4、M5、M8
BMW,歐洲 (德國),2020,1 Series、2 Series、3 Series、4 Series、5 Series、7 Series、8 Series、X1、X2、X3、X4、X5、X6、X7、Z4、i3、i8、M2、M3、M4、M5、M8
BMW,歐洲 (德國),2021,1 Series、2 Series、3 Series、4 Series、5 Series、7 Series、8 Series、X1、X2、X3、X4、X5、X6、X7、Z4、i3、i4、iX、M3、M4、M5、M8
BMW,歐洲 (德國),2022,1 Series、2 Series、3 Series、4 Series、5 Series、7 Series、8 Series、X1、X2、X3、X4、X5、X6、X7、Z4、i3、i4、i7、iX、iX1、M3、M4、M5、M8
BMW,歐洲 (德國),2023,1 Series、2 Series、3 Series、4 Series、5 Series、7 Series、8 Series、X1、X2、X3、X4、X5、X6、X7、Z4、i4、i5、i7、iX、iX1、M2、M3、M4、M5、M8
BMW,歐洲 (德國),2024,1 Series、2 Series、3 Series、4 Series、5 Series、7 Series、8 Series、X1、X2、X3、X4、X5、X6、X7、Z4、i4、i5、i7、iX、iX1、iX2、M2、M3、M4、M5、M8
Bentley,歐洲 (英國),2015,Continental GT、Continental GTC、Flying Spur、Mulsanne
Bentley,歐洲 (英國),2016,Continental GT、Continental GTC、Flying Spur、Mulsanne、Bentayga
Bentley,歐洲 (英國),2017,Continental GT、Continental GTC、Flying Spur、Mulsanne、Bentayga
Bentley,歐洲 (英國),2018,Continental GT、Continental GTC、Flying Spur、Mulsanne、Bentayga
Bentley,歐洲 (英國),2019,Continental GT、Continental GTC、Flying Spur、Mulsanne、Bentayga
Bentley,歐洲 (英國),2020,Continental GT、Continental GTC、Flying Spur、Mulsanne、Bentayga
Bentley,歐洲 (英國),2021,Continental GT、Continental GTC、Flying Spur、Bentayga
Bentley,歐洲 (英國),2022,Continental GT、Continental GTC、Flying Spur、Bentayga EWB
Bentley,歐洲 (英國),2023,Continental GT、Continental GTC、Flying Spur、Bentayga、Bentayga EWB
Bentley,歐洲 (英國),2024,Continental GT、Continental GTC、Flying Spur、Bentayga、Bentayga EWB
Cadillac,北美 (美國),2015,ATS、CTS、ELR、Escalade、SRX、XTS
Cadillac,北美 (美國),2016,ATS、CT6、CTS、ELR、Escalade、SRX、XTS
Cadillac,北美 (美國),2017,ATS、CT6、CTS、Escalade、XT5、XTS
Cadillac,北美 (美國),2018,ATS、CT6、CTS、Escalade、XT4、XT5、XTS
Cadillac,北美 (美國),2019,CT6、CTS、Escalade、XT4、XT5、XT6、XTS
Cadillac,北美 (美國),2020,CT4、CT5、Escalade、XT4、XT5、XT6
Cadillac,北美 (美國),2021,CT4、CT5、Escalade、XT4、XT5、XT6
Cadillac,北美 (美國),2022,CT4、CT5、Escalade、Lyriq、XT4、XT5、XT6
Cadillac,北美 (美國),2023,CT4、CT5、Escalade、Lyriq、XT4、XT5、XT6
Cadillac,北美 (美國),2024,CT4、CT5、Escalade、Lyriq、Optiq、XT4、XT5、XT6
Citroën,歐洲 (法國),2015,C1、C3、C3 Picasso、C4、C4 Picasso、C5、DS3、DS4、DS5
Citroën,歐洲 (法國),2016,C1、C3、C3 Picasso、C4、C4 Picasso、C4 Cactus、C5、DS3、DS4、DS5
Citroën,歐洲 (法國),2017,C1、C3、C3 Aircross、C4、C4 Picasso、C4 Cactus、C5 Aircross、DS3、DS4、DS5
Citroën,歐洲 (法國),2018,C1、C3、C3 Aircross、C4 Cactus、C4 Picasso、C5 Aircross、Berlingo
Citroën,歐洲 (法國),2019,C1、C3、C3 Aircross、C4 Cactus、C4 SpaceTourer、C5 Aircross、Berlingo、SpaceTourer
Citroën,歐洲 (法國),2020,C1、C3、C3 Aircross、C4、C5 Aircross、Berlingo、SpaceTourer、ë-C4
Citroën,歐洲 (法國),2021,C1、C3、C3 Aircross、C4、C5 X、C5 Aircross、Berlingo、ë-C4、ë-Berlingo
Citroën,歐洲 (法國),2022,C3、C3 Aircross、C4、C5 X、C5 Aircross、Berlingo、ë-C4、ë-C4 X、ë-Berlingo
Citroën,歐洲 (法國),2023,C3、C3 Aircross、C4、C5 X、C5 Aircross、Berlingo、ë-C3、ë-C4、ë-Berlingo
Citroën,歐洲 (法國),2024,C3、C3 Aircross、C4、C5 Aircross、Berlingo、ë-C3、ë-C4、ë-Berlingo、ë-Spacetourer
Ferrari,歐洲 (義大利),2015,458 Italia、458 Spider、458 Speciale、FF、F12 Berlinetta、LaFerrari、California T
Ferrari,歐洲 (義大利),2016,488 GTB、488 Spider、GTC4Lusso、F12 Berlinetta、F12tdf、California T、LaFerrari Aperta
Ferrari,歐洲 (義大利),2017,488 GTB、488 Spider、488 Pista、GTC4Lusso、GTC4Lusso T、812 Superfast、California T
Ferrari,歐洲 (義大利),2018,488 GTB、488 Spider、488 Pista、GTC4Lusso、812 Superfast、Portofino
Ferrari,歐洲 (義大利),2019,488 GTB、488 Pista、488 Pista Spider、GTC4Lusso、812 Superfast、Portofino、F8 Tributo、Roma
Ferrari,歐洲 (義大利),2020,F8 Tributo、F8 Spider、GTC4Lusso、812 Superfast、Portofino、Roma、SF90 Stradale
Ferrari,歐洲 (義大利),2021,F8 Tributo、F8 Spider、812 GTS、812 Competizione、Portofino M、Roma、SF90 Stradale、SF90 Spider
Ferrari,歐洲 (義大利),2022,F8 Tributo、F8 Spider、812 Competizione、812 Competizione A、Roma、Portofino M、SF90 Stradale、SF90 Spider、296 GTB、Daytona SP3
Ferrari,歐洲 (義大利),2023,296 GTB、296 GTS、Roma、Roma Spider、Portofino M、SF90 Stradale、SF90 Spider、812 GTS、Purosangue
Ferrari,歐洲 (義大利),2024,296 GTB、296 GTS、Roma、Roma Spider、SF90 Stradale、SF90 Spider、812 GTS、Purosangue、12Cilindri
Fiat,歐洲 (義大利),2015,500、500L、500X、Panda、Punto、Tipo、Bravo
Fiat,歐洲 (義大利),2016,500、500C、500L、500X、Panda、Punto、Tipo
Fiat,歐洲 (義大利),2017,500、500C、500L、500X、Panda、Punto、Tipo
Fiat,歐洲 (義大利),2018,500、500C、500L、500X、Panda、Tipo
Fiat,歐洲 (義大利),2019,500、500C、500L、500X、Panda、Tipo
Fiat,歐洲 (義大利),2020,500、500C、500e、500L、500X、Panda、Tipo
Fiat,歐洲 (義大利),2021,500e、500C、500L、500X、Panda、Tipo
Fiat,歐洲 (義大利),2022,500e、500C、500L、500X、Panda、Tipo
Fiat,歐洲 (義大利),2023,500e、500C、500X、Panda、Tipo
Fiat,歐洲 (義大利),2024,500e、500X、Panda、Tipo、Grande Panda、Toro
Ford,北美 (美國),2015,Fiesta、Focus、Fusion、Mustang、Taurus、Explorer、Edge、Escape、Expedition、F-150、Flex、Transit、EcoSport
Ford,北美 (美國),2016,Fiesta、Focus、Fusion、Mustang、Taurus、Explorer、Edge、Escape、Expedition、F-150、Flex、Transit、EcoSport、GT
Ford,北美 (美國),2017,Fiesta、Focus、Fusion、Mustang、Taurus、Explorer、Edge、Escape、Expedition、F-150、Flex、Transit、EcoSport、GT
Ford,北美 (美國),2018,Fiesta、Focus、Fusion、Mustang、Taurus、Explorer、Edge、Escape、Expedition、F-150、Flex、Transit、EcoSport
Ford,北美 (美國),2019,Fiesta、Fusion、Mustang、Ranger、Explorer、Edge、Escape、Expedition、F-150、Transit、EcoSport
Ford,北美 (美國),2020,Mustang、Ranger、Explorer、Edge、Escape、Expedition、F-150、Transit、EcoSport、Mach-E
Ford,北美 (美國),2021,Mustang、Ranger、Explorer、Edge、Escape、Expedition、F-150、Bronco、Transit、EcoSport、Mach-E
Ford,北美 (美國),2022,Mustang、Ranger、Explorer、Edge、Escape、Expedition、F-150、F-150 Lightning、Bronco、Bronco Sport、Transit、Mach-E、Maverick
Ford,北美 (美國),2023,Mustang、Ranger、Explorer、Edge、Escape、Expedition、F-150、F-150 Lightning、Bronco、Bronco Sport、Transit、Mach-E、Maverick
Ford,北美 (美國),2024,Mustang、Ranger、Explorer、Edge、Escape、Expedition、F-150、F-150 Lightning、Bronco、Bronco Sport、Transit、Mach-E、Maverick
Honda,亞洲 (日本),2015,Fit、City、Jazz、Civic、Accord、CR-V、HR-V、Pilot、Odyssey、Legend、NSX
Honda,亞洲 (日本),2016,Fit、City、Jazz、Civic、Accord、CR-V、HR-V、Pilot、Odyssey、Legend、NSX
Honda,亞洲 (日本),2017,Fit、City、Jazz、Civic、Accord、CR-V、HR-V、Pilot、Odyssey、Legend、Ridgeline、NSX
Honda,亞洲 (日本),2018,Fit、City、Jazz、Civic、Accord、CR-V、HR-V、Pilot、Odyssey、Insight、Passport、NSX
Honda,亞洲 (日本),2019,Fit、City、Jazz、Civic、Accord、CR-V、HR-V、Pilot、Odyssey、Insight、Passport、NSX
Honda,亞洲 (日本),2020,Fit、City、Jazz、Civic、Accord、CR-V、HR-V、Pilot、Odyssey、Insight、Passport、NSX
Honda,亞洲 (日本),2021,Fit、City、Jazz、Civic、Accord、CR-V、HR-V、Pilot、Odyssey、Insight、Passport、NSX
Honda,亞洲 (日本),2022,Fit、City、Jazz、Civic、Accord、CR-V、HR-V、Pilot、Odyssey、Insight、Passport、NSX、ZR-V
Honda,亞洲 (日本),2023,Fit、City、Jazz、Civic、Accord、CR-V、HR-V、Pilot、Odyssey、Insight、Passport、ZR-V、e:Ny1
Honda,亞洲 (日本),2024,Fit、City、Jazz、Civic、Accord、CR-V、HR-V、Pilot、Odyssey、ZR-V、e:Ny1、Prologue
Hyundai,亞洲 (韓國),2015,i10、i20、i30、i40、Elantra、Sonata、Azera、Accent、Tucson、Santa Fe、Veloster、Genesis
Hyundai,亞洲 (韓國),2016,i10、i20、i30、i40、Elantra、Sonata、Azera、Accent、Tucson、Santa Fe、Veloster、Ioniq
Hyundai,亞洲 (韓國),2017,i10、i20、i30、Elantra、Sonata、Azera、Accent、Tucson、Santa Fe、Veloster、Ioniq、Kona
Hyundai,亞洲 (韓國),2018,i10、i20、i30、Elantra、Sonata、Accent、Tucson、Santa Fe、Nexo、Veloster、Ioniq、Kona
Hyundai,亞洲 (韓國),2019,i10、i20、i30、Elantra、Sonata、Accent、Tucson、Santa Fe、Nexo、Veloster、Ioniq、Kona
Hyundai,亞洲 (韓國),2020,i10、i20、i30、Elantra、Sonata、Accent、Tucson、Santa Fe、Nexo、Ioniq、Kona、Venue
Hyundai,亞洲 (韓國),2021,i10、i20、i30、Elantra、Sonata、Accent、Tucson、Santa Fe、Nexo、Ioniq、Ioniq 5、Kona、Venue
Hyundai,亞洲 (韓國),2022,i10、i20、i30、Elantra、Sonata、Accent、Tucson、Santa Fe、Nexo、Ioniq 5、Ioniq 6、Kona、Venue
Hyundai,亞洲 (韓國),2023,i10、i20、i30、Elantra、Sonata、Accent、Tucson、Santa Fe、Nexo、Ioniq 5、Ioniq 6、Kona、Venue
Hyundai,亞洲 (韓國),2024,i10、i20、i30、Elantra、Sonata、Accent、Tucson、Santa Fe、Nexo、Ioniq 5、Ioniq 6、Ioniq 7、Kona、Venue
Infiniti,亞洲 (日本),2015,Q50、Q60、Q70、QX50、QX60、QX70、QX80
Infiniti,亞洲 (日本),2016,Q50、Q60、Q70、QX30、QX50、QX60、QX70、QX80
Infiniti,亞洲 (日本),2017,Q50、Q60、QX30、QX50、QX60、QX70、QX80
Infiniti,亞洲 (日本),2018,Q50、Q60、QX30、QX50、QX60、QX80
Infiniti,亞洲 (日本),2019,Q50、Q60、QX50、QX55、QX60、QX80
Infiniti,亞洲 (日本),2020,Q50、Q60、QX50、QX55、QX60、QX80
Infiniti,亞洲 (日本),2021,Q50、Q60、QX50、QX55、QX60、QX80
Infiniti,亞洲 (日本),2022,Q50、Q60、QX50、QX55、QX60、QX80
Infiniti,亞洲 (日本),2023,Q50、Q60、QX50、QX55、QX60、QX80
Infiniti,亞洲 (日本),2024,Q50、Q60、QX50、QX55、QX60、QX80
Jaguar,歐洲 (英國),2015,XE、XF、XJ、F-Type、F-Pace
Jaguar,歐洲 (英國),2016,XE、XF、XJ、F-Type、F-Pace
Jaguar,歐洲 (英國),2017,XE、XF、XJ、F-Type、F-Pace、E-Pace
Jaguar,歐洲 (英國),2018,XE、XF、XJ、F-Type、F-Pace、E-Pace、I-Pace
Jaguar,歐洲 (英國),2019,XE、XF、XJ、F-Type、F-Pace、E-Pace、I-Pace
Jaguar,歐洲 (英國),2020,XE、XF、XJ、F-Type、F-Pace、E-Pace、I-Pace
Jaguar,歐洲 (英國),2021,XE、XF、F-Type、F-Pace、E-Pace、I-Pace
Jaguar,歐洲 (英國),2022,XE、XF、F-Type、F-Pace、E-Pace、I-Pace
Jaguar,歐洲 (英國),2023,XE、XF、F-Type、F-Pace、E-Pace、I-Pace
Jaguar,歐洲 (英國),2024,F-Type、F-Pace、E-Pace、I-Pace
Kia,亞洲 (韓國),2015,Picanto、Rio、Ceed、Soul、Forte、Optima、Cadenza、Sportage、Sorento、Soul EV
Kia,亞洲 (韓國),2016,Picanto、Rio、Ceed、Soul、Forte、Optima、Cadenza、Sportage、Sorento、Niro
Kia,亞洲 (韓國),2017,Picanto、Rio、Ceed、Soul、Forte、Optima、Cadenza、Sportage、Sorento、Niro、Stinger
Kia,亞洲 (韓國),2018,Picanto、Rio、Ceed、Soul、Forte、Optima、Cadenza、Sportage、Sorento、Niro、Stinger、Stonic
Kia,亞洲 (韓國),2019,Picanto、Rio、Ceed、Soul、Forte、Optima、Cadenza、Sportage、Sorento、Niro、Stinger、Stonic、e-Niro
Kia,亞洲 (韓國),2020,Picanto、Rio、Ceed、Soul、Forte、K5、K8、Sportage、Sorento、Niro、Stinger、Stonic、Seltos、Telluride、EV6
Kia,亞洲 (韓國),2021,Picanto、Rio、Ceed、Soul、K3、K5、K8、Sportage、Sorento、Niro、Stinger、Stonic、Seltos、Telluride、EV6
Kia,亞洲 (韓國),2022,Picanto、Rio、Ceed、Soul、K3、K5、K8、Sportage、Sorento、Niro、EV6、Seltos、Telluride
Kia,亞洲 (韓國),2023,Picanto、Rio、Ceed、Soul、K3、K5、K8、Sportage、Sorento、Niro、EV6、EV9、Seltos、Telluride
Kia,亞洲 (韓國),2024,Picanto、K3、K5、K8、Sportage、Sorento、Niro、EV3、EV6、EV9、Seltos、Telluride、PV5
Koenigsegg,歐洲 (瑞典),2015,Agera、Agera R、Agera S、One:1
Koenigsegg,歐洲 (瑞典),2016,Agera RS、Regera、One:1
Koenigsegg,歐洲 (瑞典),2017,Agera RS、Regera
Koenigsegg,歐洲 (瑞典),2018,Agera RS、Regera、Jesko
Koenigsegg,歐洲 (瑞典),2019,Jesko、Regera、Gemera
Koenigsegg,歐洲 (瑞典),2020,Jesko、Jesko Absolut、Gemera、Regera
Koenigsegg,歐洲 (瑞典),2021,Jesko、Jesko Absolut、Gemera、Regera
Koenigsegg,歐洲 (瑞典),2022,Jesko、Jesko Absolut、Gemera、CC850
Koenigsegg,歐洲 (瑞典),2023,Jesko、Jesko Absolut、Gemera、CC850
Koenigsegg,歐洲 (瑞典),2024,Jesko Absolut、Gemera、CC850、Regera
Lamborghini,歐洲 (義大利),2015,Aventador、Aventador Roadster、Huracán、Gallardo
Lamborghini,歐洲 (義大利),2016,Aventador、Aventador S、Huracán、Huracán Spyder、Centenario
Lamborghini,歐洲 (義大利),2017,Aventador S、Aventador S Roadster、Huracán、Huracán Spyder、Centenario
Lamborghini,歐洲 (義大利),2018,Aventador S、Aventador SVJ、Huracán Performante、Huracán Spyder、Urus
Lamborghini,歐洲 (義大利),2019,Aventador SVJ、Aventador SVJ Roadster、Huracán Evo、Huracán Evo Spyder、Urus
Lamborghini,歐洲 (義大利),2020,Aventador SVJ、Huracán Evo、Huracán Evo Spyder、Huracán STO、Urus
Lamborghini,歐洲 (義大利),2021,Aventador Ultimae、Huracán Evo、Huracán STO、Urus、Sian
Lamborghini,歐洲 (義大利),2022,Aventador Ultimae、Huracán Evo、Huracán STO、Urus Performante、Countach LPI 800-4
Lamborghini,歐洲 (義大利),2023,Huracán Sterrato、Huracán STO、Urus Performante、Urus S、Revuelto
Lamborghini,歐洲 (義大利),2024,Revuelto、Urus SE、Urus S、Temerario
Land Rover,歐洲 (英國),2015,Defender、Discovery、Discovery Sport、Freelander、Range Rover、Range Rover Sport、Range Rover Evoque
Land Rover,歐洲 (英國),2016,Discovery、Discovery Sport、Range Rover、Range Rover Sport、Range Rover Evoque
Land Rover,歐洲 (英國),2017,Discovery、Discovery Sport、Range Rover、Range Rover Sport、Range Rover Evoque、Range Rover Velar
Land Rover,歐洲 (英國),2018,Discovery、Discovery Sport、Range Rover、Range Rover Sport、Range Rover Evoque、Range Rover Velar
Land Rover,歐洲 (英國),2019,Discovery、Discovery Sport、Range Rover、Range Rover Sport、Range Rover Evoque、Range Rover Velar、Defender
Land Rover,歐洲 (英國),2020,Discovery、Discovery Sport、Range Rover、Range Rover Sport、Range Rover Evoque、Range Rover Velar、Defender
Land Rover,歐洲 (英國),2021,Discovery、Discovery Sport、Range Rover、Range Rover Sport、Range Rover Evoque、Range Rover Velar、Defender
Land Rover,歐洲 (英國),2022,Discovery、Discovery Sport、Range Rover、Range Rover Sport、Range Rover Evoque、Range Rover Velar、Defender
Land Rover,歐洲 (英國),2023,Discovery、Discovery Sport、Range Rover、Range Rover Sport、Range Rover Evoque、Range Rover Velar、Defender
Land Rover,歐洲 (英國),2024,Discovery、Discovery Sport、Range Rover、Range Rover Sport、Range Rover Evoque、Range Rover Velar、Defender
Lexus,亞洲 (日本),2015,CT 200h、IS、ES、GS、LS、RC、NX、GX、LX、RX
Lexus,亞洲 (日本),2016,CT 200h、IS、ES、GS、LS、RC、RC F、NX、GX、LX、RX
Lexus,亞洲 (日本),2017,CT 200h、IS、ES、GS、LS、LC、RC、RC F、NX、GX、LX、RX、UX
Lexus,亞洲 (日本),2018,CT 200h、IS、ES、GS、LS、LC、RC、RC F、NX、GX、LX、RX、UX
Lexus,亞洲 (日本),2019,CT 200h、IS、ES、LS、LC、RC、RC F、NX、GX、LX、RX、UX
Lexus,亞洲 (日本),2020,IS、ES、LS、LC、RC、RC F、NX、GX、LX、RX、UX
Lexus,亞洲 (日本),2021,IS、ES、LS、LC、RC、RC F、NX、GX、LX、RX、UX
Lexus,亞洲 (日本),2022,IS、ES、LS、LC、RC、RC F、NX、GX、LX、RX、UX、RZ
Lexus,亞洲 (日本),2023,IS、ES、LS、LC、RC、RC F、NX、GX、LX、RX、UX、RZ
Lexus,亞洲 (日本),2024,IS、ES、LS、LC、RC、RC F、NX、GX、LX、RX、UX、RZ、TX、GX 550
Lotus,歐洲 (英國),2015,Elise、Exige、Evora
Lotus,歐洲 (英國),2016,Elise、Exige、Evora 400
Lotus,歐洲 (英國),2017,Elise、Exige、Evora 400、Evora GT430
Lotus,歐洲 (英國),2018,Elise、Exige、Evora GT410、Evora GT430
Lotus,歐洲 (英國),2019,Elise、Exige、Evora GT410、Evora GT430
Lotus,歐洲 (英國),2020,Elise、Exige、Evora GT、Evija
Lotus,歐洲 (英國),2021,Elise、Exige、Evora GT、Emira、Evija
Lotus,歐洲 (英國),2022,Emira、Evija、Eletre
Lotus,歐洲 (英國),2023,Emira、Evija、Eletre
Lotus,歐洲 (英國),2024,Emira、Evija、Eletre、Emeya
Luxgen,亞洲 (台灣),2015,U7 Turbo、S5 Turbo、M7 Turbo、URX
Luxgen,亞洲 (台灣),2016,U7 Turbo、S5 Turbo、M7 Turbo、URX、S3
Luxgen,亞洲 (台灣),2017,S3、S5 Turbo、M7 Turbo、URX、U5
Luxgen,亞洲 (台灣),2018,S3、S5 Turbo、M7 Turbo、URX、U5、U6
Luxgen,亞洲 (台灣),2019,S3、S5 Turbo、M7 Turbo、URX、U5、U6
Luxgen,亞洲 (台灣),2020,URX、U5、U6、U7
Luxgen,亞洲 (台灣),2021,URX、U5、U6、U7
Luxgen,亞洲 (台灣),2022,URX、URX EV、U5、U6、n7
Luxgen,亞洲 (台灣),2023,URX、URX EV、U6、n7
Luxgen,亞洲 (台灣),2024,URX、URX EV、n7、n6
MG,亞洲 (中國/英國),2015,MG3、MG6、MG GS
MG,亞洲 (中國/英國),2016,MG3、MG6、MG GS、MG ZS
MG,亞洲 (中國/英國),2017,MG3、MG6、MG GS、MG ZS
MG,亞洲 (中國/英國),2018,MG3、MG6、MG ZS、MG HS、MG EZS
MG,亞洲 (中國/英國),2019,MG3、MG ZS、MG HS、MG5、MG EZS
MG,亞洲 (中國/英國),2020,MG3、MG ZS、MG ZS EV、MG HS、MG5
MG,亞洲 (中國/英國),2021,MG3、MG ZS、MG ZS EV、MG HS、MG5、MG Marvel R
MG,亞洲 (中國/英國),2022,MG3、MG ZS、MG ZS EV、MG HS、MG5、MG4、MG Marvel R
MG,亞洲 (中國/英國),2023,MG3、MG ZS、MG ZS EV、MG HS、MG5、MG4、MG Cyberster
MG,亞洲 (中國/英國),2024,MG3 Hybrid+、MG ZS、MG ZS EV、MG HS、MG4、MG5、MG Cyberster
Maserati,歐洲 (義大利),2015,Ghibli、Quattroporte、GranTurismo、GranCabrio
Maserati,歐洲 (義大利),2016,Ghibli、Quattroporte、GranTurismo、GranCabrio、Levante
Maserati,歐洲 (義大利),2017,Ghibli、Quattroporte、GranTurismo、GranCabrio、Levante
Maserati,歐洲 (義大利),2018,Ghibli、Quattroporte、GranTurismo、GranCabrio、Levante
Maserati,歐洲 (義大利),2019,Ghibli、Quattroporte、GranTurismo、GranCabrio、Levante
Maserati,歐洲 (義大利),2020,Ghibli、Quattroporte、GranTurismo、GranCabrio、Levante
Maserati,歐洲 (義大利),2021,Ghibli、Quattroporte、GranTurismo、GranCabrio、Levante、MC20
Maserati,歐洲 (義大利),2022,Ghibli、Quattroporte、GranTurismo、Levante、MC20、Grecale
Maserati,歐洲 (義大利),2023,GranTurismo、Levante、MC20、Grecale、GranCabrio
Maserati,歐洲 (義大利),2024,GranTurismo、GranCabrio、Levante、MC20、Grecale、Quattroporte Folgore
Mazda,亞洲 (日本),2015,Mazda2、Mazda3、Mazda6、CX-3、CX-5、MX-5、CX-9
Mazda,亞洲 (日本),2016,Mazda2、Mazda3、Mazda6、CX-3、CX-5、MX-5、CX-9
Mazda,亞洲 (日本),2017,Mazda2、Mazda3、Mazda6、CX-3、CX-5、MX-5、CX-9
Mazda,亞洲 (日本),2018,Mazda2、Mazda3、Mazda6、CX-3、CX-5、MX-5、CX-8、CX-9
Mazda,亞洲 (日本),2019,Mazda2、Mazda3、Mazda6、CX-3、CX-30、CX-5、MX-5、CX-8、CX-9
Mazda,亞洲 (日本),2020,Mazda2、Mazda3、Mazda6、CX-3、CX-30、CX-5、MX-5、CX-8、CX-9、MX-30
Mazda,亞洲 (日本),2021,Mazda2、Mazda3、Mazda6、CX-3、CX-30、CX-5、CX-60、MX-5、CX-8、CX-9、MX-30
Mazda,亞洲 (日本),2022,Mazda2、Mazda3、Mazda6、CX-3、CX-30、CX-5、CX-60、MX-5、CX-8、CX-9、MX-30
Mazda,亞洲 (日本),2023,Mazda2、Mazda3、Mazda6、CX-3、CX-30、CX-5、CX-60、CX-90、MX-5、CX-8、MX-30
Mazda,亞洲 (日本),2024,Mazda2、Mazda3、CX-3、CX-30、CX-5、CX-60、CX-70、CX-90、MX-5、CX-8、MX-30
Mercedes-Benz,歐洲 (德國),2015,A-Class、B-Class、C-Class、E-Class、S-Class、GLA、GLB、GLC、GLE、GLS、CLA、CLS、SL、SLK、AMG GT、G-Class
Mercedes-Benz,歐洲 (德國),2016,A-Class、B-Class、C-Class、E-Class、S-Class、GLA、GLB、GLC、GLE、GLS、CLA、CLS、SL、SLC、AMG GT、G-Class
Mercedes-Benz,歐洲 (德國),2017,A-Class、B-Class、C-Class、E-Class、S-Class、GLA、GLB、GLC、GLE、GLS、CLA、CLS、SL、SLC、AMG GT、G-Class
Mercedes-Benz,歐洲 (德國),2018,A-Class、B-Class、C-Class、E-Class、S-Class、GLA、GLB、GLC、GLE、GLS、CLA、CLS、SL、SLC、AMG GT、G-Class、EQ
Mercedes-Benz,歐洲 (德國),2019,A-Class、B-Class、C-Class、E-Class、S-Class、GLA、GLB、GLC、GLE、GLS、CLA、CLS、SL、SLC、AMG GT、G-Class、EQC
Mercedes-Benz,歐洲 (德國),2020,A-Class、B-Class、C-Class、E-Class、S-Class、GLA、GLB、GLC、GLE、GLS、CLA、CLS、AMG GT、G-Class、EQC、EQV
Mercedes-Benz,歐洲 (德國),2021,A-Class、B-Class、C-Class、E-Class、S-Class、GLA、GLB、GLC、GLE、GLS、CLA、CLS、AMG GT、G-Class、EQA、EQB、EQC、EQS、EQV
Mercedes-Benz,歐洲 (德國),2022,A-Class、B-Class、C-Class、E-Class、S-Class、GLA、GLB、GLC、GLE、GLS、CLA、CLS、SL、AMG GT、G-Class、EQA、EQB、EQC、EQE、EQS、EQV
Mercedes-Benz,歐洲 (德國),2023,A-Class、B-Class、C-Class、E-Class、S-Class、GLA、GLB、GLC、GLE、GLS、CLA、CLS、SL、AMG GT、G-Class、EQA、EQB、EQC、EQE、EQS、EQV
Mercedes-Benz,歐洲 (德國),2024,A-Class、B-Class、C-Class、E-Class、S-Class、GLA、GLB、GLC、GLE、GLS、CLA、CLS、SL、AMG GT、G-Class、G-Class EQ、EQA、EQB、EQE、EQS
MINI,歐洲 (英國/德國),2015,Hatch、Clubman、Convertible、Paceman、Countryman、Coupe、Roadster、John Cooper Works
MINI,歐洲 (英國/德國),2016,Hatch、Clubman、Convertible、Paceman、Countryman、John Cooper Works
MINI,歐洲 (英國/德國),2017,Hatch、Clubman、Convertible、Countryman、Cabrio、John Cooper Works
MINI,歐洲 (英國/德國),2018,Hatch、Clubman、Convertible、Countryman、Cabrio、John Cooper Works
MINI,歐洲 (英國/德國),2019,Hatch、Clubman、Convertible、Countryman、Electric (SE)、John Cooper Works
MINI,歐洲 (英國/德國),2020,Hatch、Clubman、Convertible、Countryman、Electric (SE)、John Cooper Works
MINI,歐洲 (英國/德國),2021,Hatch、Clubman、Convertible、Countryman、Electric (SE)、John Cooper Works
MINI,歐洲 (英國/德國),2022,Hatch、Clubman、Convertible、Countryman、Electric (SE)、Pacesetter、John Cooper Works
MINI,歐洲 (英國/德國),2023,Hatch、Clubman、Convertible、Countryman、Electric (SE)、John Cooper Works
MINI,歐洲 (英國/德國),2024,Hatch、Convertible、Countryman、Aceman、Cooper E、Cooper SE、John Cooper Works
Mitsubishi,亞洲 (日本),2015,Mirage、Lancer、Outlander、Outlander Sport、Eclipse Cross、Pajero、ASX
Mitsubishi,亞洲 (日本),2016,Mirage、Lancer、Outlander、Outlander Sport、Eclipse Cross、Pajero、ASX
Mitsubishi,亞洲 (日本),2017,Mirage、Outlander、Outlander PHEV、Outlander Sport、Eclipse Cross、Pajero、ASX
Mitsubishi,亞洲 (日本),2018,Mirage、Outlander、Outlander PHEV、Eclipse Cross、Pajero、ASX
Mitsubishi,亞洲 (日本),2019,Mirage、Outlander、Outlander PHEV、Eclipse Cross、Pajero、ASX
Mitsubishi,亞洲 (日本),2020,Mirage、Outlander、Outlander PHEV、Eclipse Cross、Pajero、ASX
Mitsubishi,亞洲 (日本),2021,Mirage、Outlander、Outlander PHEV、Eclipse Cross、ASX
Mitsubishi,亞洲 (日本),2022,Mirage、Outlander、Outlander PHEV、Eclipse Cross PHEV、ASX
Mitsubishi,亞洲 (日本),2023,Mirage、Outlander、Outlander PHEV、Eclipse Cross PHEV、ASX
Mitsubishi,亞洲 (日本),2024,Mirage、Outlander、Outlander PHEV、Eclipse Cross PHEV、ASX、Colt
Nissan,亞洲 (日本),2015,Micra、Note、Juke、Qashqai、Altima、Sentra、Maxima、370Z、GT-R、Leaf、X-Trail、Navara、Murano、Pathfinder
Nissan,亞洲 (日本),2016,Micra、Note、Juke、Qashqai、Altima、Sentra、Maxima、370Z、GT-R、Leaf、X-Trail、Navara、Murano、Pathfinder
Nissan,亞洲 (日本),2017,Micra、Note、Juke、Qashqai、Altima、Sentra、Maxima、370Z、GT-R、Leaf、X-Trail、Navara、Murano、Pathfinder
Nissan,亞洲 (日本),2018,Micra、Note、Juke、Qashqai、Altima、Sentra、Maxima、370Z、GT-R、Leaf、X-Trail、Navara、Murano、Pathfinder、Kicks
Nissan,亞洲 (日本),2019,Micra、Note、Juke、Qashqai、Altima、Sentra、Maxima、370Z、GT-R、Leaf、X-Trail、Navara、Kicks、Ariya
Nissan,亞洲 (日本),2020,Micra、Note、Juke、Qashqai、Altima、Sentra、Maxima、370Z、GT-R、Leaf、X-Trail、Navara、Kicks、Ariya
Nissan,亞洲 (日本),2021,Micra、Note、Juke、Qashqai、Altima、Sentra、Maxima、GT-R、Leaf、X-Trail、Navara、Kicks、Ariya
Nissan,亞洲 (日本),2022,Micra、Note、Juke、Qashqai、Altima、Sentra、Maxima、GT-R、Leaf、X-Trail、Navara、Kicks、Ariya
Nissan,亞洲 (日本),2023,Micra、Note、Juke、Qashqai、Altima、Sentra、Maxima、GT-R、Leaf、X-Trail、Navara、Kicks、Ariya
Nissan,亞洲 (日本),2024,Micra、Note、Juke、Qashqai、Altima、Sentra、Maxima、GT-R、Leaf、X-Trail、Navara、Kicks、Ariya
Opel,歐洲 (德國),2015,Adam、Agila、Astra、Cascada、Corsa、Insignia、Meriva、Mokka、Vivaro、Zafira、Ampera
Opel,歐洲 (德國),2016,Adam、Astra、Cascada、Corsa、Insignia、Meriva、Mokka、Vivaro、Zafira、Ampera
Opel,歐洲 (德國),2017,Adam、Astra、Cascada、Corsa、Insignia、Meriva、Mokka X、Crossland X、Grandland X、Zafira、Ampera-e
Opel,歐洲 (德國),2018,Adam、Astra、Corsa、Insignia、Crossland X、Grandland X、Zafira、Ampera-e
Opel,歐洲 (德國),2019,Astra、Corsa、Crossland X、Grandland X、Insignia、Zafira、Corsa-e
Opel,歐洲 (德國),2020,Astra、Corsa、Corsa-e、Crossland、Grandland、Insignia、Mokka、Mokka-e
Opel,歐洲 (德國),2021,Astra、Corsa、Corsa-e、Crossland、Grandland、Mokka、Mokka-e
Opel,歐洲 (德國),2022,Astra、Astra-e、Corsa、Corsa-e、Crossland、Grandland、Mokka、Mokka-e
Opel,歐洲 (德國),2023,Astra、Astra-e、Corsa、Corsa-e、Crossland、Grandland、Mokka、Mokka-e
Opel,歐洲 (德國),2024,Astra、Astra-e、Corsa、Corsa-e、Frontera、Grandland、Mokka、Mokka-e
Pagani,歐洲 (義大利),2015,Huayra、Huayra Roadster
Pagani,歐洲 (義大利),2016,Huayra、Huayra Roadster、Huayra BC
Pagani,歐洲 (義大利),2017,Huayra、Huayra Roadster、Huayra BC
Pagani,歐洲 (義大利),2018,Huayra、Huayra Roadster、Huayra BC
Pagani,歐洲 (義大利),2019,Huayra Roadster、Huayra BC、Huayra Roadster BC
Pagani,歐洲 (義大利),2020,Huayra Roadster、Huayra BC、Huayra Roadster BC
Pagani,歐洲 (義大利),2021,Huayra Roadster、Huayra BC、Huayra Roadster BC
Pagani,歐洲 (義大利),2022,Huayra R、Huayra Roadster、Huayra Roadster BC
Pagani,歐洲 (義大利),2023,Huayra R、Huayra Roadster、Utopia
Pagani,歐洲 (義大利),2024,Utopia、Utopia Roadster、Huayra Roadster
Peugeot,歐洲 (法國),2015,108、208、2008、308、3008、408、508、RCZ、4008、5008
Peugeot,歐洲 (法國),2016,108、208、2008、308、3008、408、508、4008、5008
Peugeot,歐洲 (法國),2017,108、208、2008、308、3008、5008、508
Peugeot,歐洲 (法國),2018,108、208、2008、308、3008、5008、508、Traveller
Peugeot,歐洲 (法國),2019,108、208、2008、308、3008、5008、508、Traveller、e-208、e-2008
Peugeot,歐洲 (法國),2020,108、208、e-208、2008、e-2008、308、3008、5008、508、Traveller
Peugeot,歐洲 (法國),2021,108、208、e-208、2008、e-2008、308、3008、5008、508、Traveller
Peugeot,歐洲 (法國),2022,208、e-208、2008、e-2008、308、3008、5008、508、Traveller
Peugeot,歐洲 (法國),2023,208、e-208、2008、e-2008、308、3008、5008、508、Traveller
Peugeot,歐洲 (法國),2024,208、e-208、2008、e-2008、308、3008、5008、508、E-3008、E-5008
Porsche,歐洲 (德國),2015,911、Boxster、Cayman、Cayenne、Macan、Panamera
Porsche,歐洲 (德國),2016,911、Boxster、Cayman、Cayenne、Macan、Panamera
Porsche,歐洲 (德國),2017,911、718 Boxster、718 Cayman、Cayenne、Macan、Panamera
Porsche,歐洲 (德國),2018,911、718 Boxster、718 Cayman、Cayenne、Macan、Panamera
Porsche,歐洲 (德國),2019,911、718 Boxster、718 Cayman、Cayenne、Macan、Panamera、Taycan
Porsche,歐洲 (德國),2020,911、718 Boxster、718 Cayman、Cayenne、Macan、Panamera、Taycan
Porsche,歐洲 (德國),2021,911、718 Boxster、718 Cayman、Cayenne、Macan、Panamera、Taycan
Porsche,歐洲 (德國),2022,911、718 Boxster、718 Cayman、Cayenne、Macan、Panamera、Taycan
Porsche,歐洲 (德國),2023,911、718 Boxster、718 Cayman、Cayenne、Macan、Macan EV、Panamera、Taycan
Porsche,歐洲 (德國),2024,911、718 Boxster、718 Cayman、Cayenne、Macan、Macan EV、Panamera、Taycan
Rolls-Royce,歐洲 (英國),2015,Ghost、Wraith、Phantom、Dawn
Rolls-Royce,歐洲 (英國),2016,Ghost、Wraith、Phantom、Dawn
Rolls-Royce,歐洲 (英國),2017,Ghost、Wraith、Phantom VIII、Dawn
Rolls-Royce,歐洲 (英國),2018,Ghost、Wraith、Phantom VIII、Dawn、Cullinan
Rolls-Royce,歐洲 (英國),2019,Ghost、Wraith、Phantom VIII、Dawn、Cullinan
Rolls-Royce,歐洲 (英國),2020,Ghost、Wraith、Phantom VIII、Dawn、Cullinan
Rolls-Royce,歐洲 (英國),2021,Ghost、Wraith、Phantom VIII、Dawn、Cullinan、Black Badge Ghost
Rolls-Royce,歐洲 (英國),2022,Ghost、Wraith、Phantom VIII、Dawn、Cullinan、Boat Tail
Rolls-Royce,歐洲 (英國),2023,Ghost、Wraith、Phantom VIII、Dawn、Cullinan、Spectre
Rolls-Royce,歐洲 (英國),2024,Ghost、Phantom VIII、Cullinan、Spectre、Droptail
SAAB,歐洲 (瑞典),2011,9-3、9-4X、9-5
SAAB,歐洲 (瑞典),2012,9-3、9-5
SAAB,歐洲 (瑞典),2013,9-3 (停產)
SAAB,歐洲 (瑞典),2014,停產
SAAB,歐洲 (瑞典),2015,停產 (National Electric Vehicle Sweden重建中)
SAAB,歐洲 (瑞典),2016,停產
SAAB,歐洲 (瑞典),2017,停產
SAAB,歐洲 (瑞典),2018,停產
SAAB,歐洲 (瑞典),2019,停產
SAAB,歐洲 (瑞典),2020,停產
Škoda,歐洲 (捷克),2015,Fabia、Rapid、Octavia、Superb、Citigo、Yeti
Škoda,歐洲 (捷克),2016,Fabia、Rapid、Octavia、Superb、Citigo、Yeti
Škoda,歐洲 (捷克),2017,Fabia、Rapid、Octavia、Superb、Citigo、Kodiaq、Karoq
Škoda,歐洲 (捷克),2018,Fabia、Rapid、Octavia、Superb、Citigo、Kodiaq、Karoq
Škoda,歐洲 (捷克),2019,Fabia、Rapid、Octavia、Superb、Citigo、Kodiaq、Karoq、Scala
Škoda,歐洲 (捷克),2020,Fabia、Rapid、Octavia、Superb、Citigo e iV、Kodiaq、Karoq、Scala、Kamiq、Enyaq iV
Škoda,歐洲 (捷克),2021,Fabia、Octavia、Superb、Kodiaq、Karoq、Scala、Kamiq、Enyaq iV
Škoda,歐洲 (捷克),2022,Fabia、Octavia、Superb、Kodiaq、Karoq、Scala、Kamiq、Enyaq iV、Slavia
Škoda,歐洲 (捷克),2023,Fabia、Octavia、Superb、Kodiaq、Karoq、Scala、Kamiq、Enyaq iV、Enyaq Coupé iV
Škoda,歐洲 (捷克),2024,Fabia、Octavia、Superb、Kodiaq、Karoq、Scala、Kamiq、Enyaq iV、Elroq
Smart,歐洲 (德國),2015,fortwo、forfour
Smart,歐洲 (德國),2016,fortwo、forfour、fortwo cabrio
Smart,歐洲 (德國),2017,fortwo、forfour、fortwo cabrio、fortwo Electric Drive
Smart,歐洲 (德國),2018,fortwo、forfour、fortwo cabrio、fortwo Electric Drive、forfour Electric Drive
Smart,歐洲 (德國),2019,fortwo、forfour、fortwo cabrio、EQ fortwo、EQ forfour
Smart,歐洲 (德國),2020,fortwo、forfour、fortwo cabrio、EQ fortwo、EQ forfour
Smart,歐洲 (德國),2021,EQ fortwo、EQ forfour、EQ fortwo cabrio
Smart,歐洲 (德國),2022,EQ fortwo、EQ forfour、EQ fortwo cabrio、#1
Smart,歐洲 (德國),2023,#1、#3
Smart,歐洲 (德國),2024,#1、#3、#5
Subaru,亞洲 (日本),2015,Impreza、Legacy、Outback、Forester、XV、BRZ、WRX、WRX STI
Subaru,亞洲 (日本),2016,Impreza、Legacy、Outback、Forester、XV、BRZ、WRX、WRX STI
Subaru,亞洲 (日本),2017,Impreza、Legacy、Outback、Forester、XV、BRZ、WRX、WRX STI
Subaru,亞洲 (日本),2018,Impreza、Legacy、Outback、Forester、XV、BRZ、WRX、WRX STI、Levorg
Subaru,亞洲 (日本),2019,Impreza、Legacy、Outback、Forester、XV、BRZ、WRX、WRX STI、Levorg
Subaru,亞洲 (日本),2020,Impreza、Legacy、Outback、Forester、XV、BRZ、WRX、WRX STI、Levorg
Subaru,亞洲 (日本),2021,Impreza、Legacy、Outback、Forester、XV、BRZ、WRX、Levorg、Solterra
Subaru,亞洲 (日本),2022,Impreza、Legacy、Outback、Forester、XV、BRZ、WRX、Levorg、Solterra
Subaru,亞洲 (日本),2023,Impreza、Legacy、Outback、Forester、Crosstrek、BRZ、WRX、Levorg、Solterra
Subaru,亞洲 (日本),2024,Impreza、Legacy、Outback、Forester、Crosstrek、BRZ、WRX、Levorg、Solterra
Suzuki,亞洲 (日本),2015,Alto、Celerio、Swift、Baleno、Ciaz、Ignis、Vitara、S-Cross、Jimny、Kizashi
Suzuki,亞洲 (日本),2016,Alto、Celerio、Swift、Baleno、Ciaz、Ignis、Vitara、S-Cross、Jimny
Suzuki,亞洲 (日本),2017,Alto、Celerio、Swift、Baleno、Ciaz、Ignis、Vitara、S-Cross、Jimny
Suzuki,亞洲 (日本),2018,Alto、Celerio、Swift、Baleno、Ciaz、Ignis、Vitara、S-Cross、Jimny
Suzuki,亞洲 (日本),2019,Alto、Celerio、Swift、Baleno、Ciaz、Ignis、Vitara、S-Cross、Jimny
Suzuki,亞洲 (日本),2020,Alto、Celerio、Swift、Baleno、Ciaz、Ignis、Vitara、S-Cross、Jimny
Suzuki,亞洲 (日本),2021,Alto、Celerio、Swift、Baleno、Ciaz、Ignis、Vitara、S-Cross、Jimny、Across
Suzuki,亞洲 (日本),2022,Alto、Celerio、Swift、Baleno、Ciaz、Ignis、Vitara、S-Cross、Jimny、Across
Suzuki,亞洲 (日本),2023,Alto、Celerio、Swift、Baleno、Ciaz、Ignis、Vitara、S-Cross、Jimny、Across、eVitara
Suzuki,亞洲 (日本),2024,Alto、Swift、Baleno、Ciaz、Ignis、Vitara、S-Cross、Jimny、Across、eVitara
Tesla,北美 (美國),2015,Model S、Model X
Tesla,北美 (美國),2016,Model S、Model X、Model 3
Tesla,北美 (美國),2017,Model S、Model X、Model 3
Tesla,北美 (美國),2018,Model S、Model X、Model 3
Tesla,北美 (美國),2019,Model S、Model X、Model 3、Model Y
Tesla,北美 (美國),2020,Model S、Model X、Model 3、Model Y
Tesla,北美 (美國),2021,Model S、Model X、Model 3、Model Y、Cybertruck
Tesla,北美 (美國),2022,Model S、Model X、Model 3、Model Y、Cybertruck
Tesla,北美 (美國),2023,Model S、Model X、Model 3、Model Y、Cybertruck
Tesla,北美 (美國),2024,Model S、Model X、Model 3、Model Y、Cybertruck
Toyota,亞洲 (日本),2015,Yaris、Corolla、Camry、Avalon、Prius、C-HR、RAV4、Highlander、Venza、4Runner、Sequoia、Land Cruiser、Tundra、Tacoma、GT86
Toyota,亞洲 (日本),2016,Yaris、Corolla、Camry、Avalon、Prius、C-HR、RAV4、Highlander、Venza、4Runner、Sequoia、Land Cruiser、Tundra、Tacoma、GT86
Toyota,亞洲 (日本),2017,Yaris、Corolla、Camry、Avalon、Prius、C-HR、RAV4、Highlander、4Runner、Sequoia、Land Cruiser、Tundra、Tacoma、GT86
Toyota,亞洲 (日本),2018,Yaris、Corolla、Camry、Avalon、Prius、C-HR、RAV4、Highlander、4Runner、Sequoia、Land Cruiser、Tundra、Tacoma
Toyota,亞洲 (日本),2019,Yaris、Corolla、Camry、Avalon、Prius、C-HR、RAV4、Highlander、4Runner、Sequoia、Land Cruiser、Tundra、Tacoma、GR Supra
Toyota,亞洲 (日本),2020,Yaris、Corolla、Camry、Avalon、Prius、C-HR、RAV4、Highlander、Venza、4Runner、Sequoia、Land Cruiser、Tundra、Tacoma、GR Supra
Toyota,亞洲 (日本),2021,Yaris、Corolla、Camry、Avalon、Prius、C-HR、RAV4、Highlander、Venza、4Runner、Sequoia、Land Cruiser、Tundra、Tacoma、GR Supra、GR86、bZ4X
Toyota,亞洲 (日本),2022,Yaris、Corolla、Camry、Avalon、Prius、C-HR、RAV4、Highlander、Venza、4Runner、Sequoia、Land Cruiser、Tundra、Tacoma、GR Supra、GR86、bZ4X、Crown
Toyota,亞洲 (日本),2023,Yaris、Corolla、Camry、Prius、C-HR、RAV4、Highlander、Venza、4Runner、Sequoia、Land Cruiser、Tundra、Tacoma、GR Supra、GR86、bZ4X、Crown
Toyota,亞洲 (日本),2024,Yaris、Corolla、Camry、Prius、C-HR、RAV4、Highlander、Venza、4Runner、Sequoia、Land Cruiser、Tundra、Tacoma、GR Supra、GR86、bZ4X、Crown、C-HR+
Volkswagen,歐洲 (德國),2015,Polo、Golf、Jetta、Passat、Arteon、CC、Phaeton、Beetle、Tiguan、Touareg、Touran、Sharan、e-Golf
Volkswagen,歐洲 (德國),2016,Polo、Golf、Jetta、Passat、Arteon、Phaeton、Beetle、Tiguan、Touareg、Touran、Sharan、e-Golf
Volkswagen,歐洲 (德國),2017,Polo、Golf、Jetta、Passat、Arteon、Beetle、Tiguan、Touareg、Touran、Sharan、e-Golf、T-Roc
Volkswagen,歐洲 (德國),2018,Polo、Golf、Jetta、Passat、Arteon、Beetle、Tiguan、Touareg、Touran、T-Roc、T-Cross、e-Golf
Volkswagen,歐洲 (德國),2019,Polo、Golf、Jetta、Passat、Arteon、Tiguan、Touareg、Touran、T-Roc、T-Cross、e-Golf
Volkswagen,歐洲 (德國),2020,Polo、Golf、Jetta、Passat、Arteon、Tiguan、Touareg、Touran、T-Roc、T-Cross、ID.3、ID.4
Volkswagen,歐洲 (德國),2021,Polo、Golf、Jetta、Passat、Arteon、Tiguan、Touareg、Touran、T-Roc、T-Cross、ID.3、ID.4、ID.6
Volkswagen,歐洲 (德國),2022,Polo、Golf、Jetta、Passat、Arteon、Tiguan、Touareg、Touran、T-Roc、T-Cross、ID.3、ID.4、ID.5
Volkswagen,歐洲 (德國),2023,Polo、Golf、Jetta、Passat、Arteon、Tiguan、Touareg、Touran、T-Roc、T-Cross、ID.3、ID.4、ID.5、ID.7
Volkswagen,歐洲 (德國),2024,Polo、Golf、Jetta、Passat、Arteon、Tiguan、Touareg、Touran、T-Roc、T-Cross、ID.2all、ID.3、ID.4、ID.5、ID.7
Volvo,歐洲 (瑞典),2015,V40、V60、V70、S60、S80、XC40、XC60、XC70、XC90
Volvo,歐洲 (瑞典),2016,V40、V60、V70、S60、S80、S90、V90、XC40、XC60、XC90
Volvo,歐洲 (瑞典),2017,V40、V60、S60、S90、V90、XC40、XC60、XC90
Volvo,歐洲 (瑞典),2018,V40、V60、S60、S90、V90、XC40、XC60、XC90
Volvo,歐洲 (瑞典),2019,V40、V60、S60、S90、V90、XC40、XC60、XC90
Volvo,歐洲 (瑞典),2020,V40、V60、S60、S90、V90、XC40、XC40 Recharge、XC60、XC90
Volvo,歐洲 (瑞典),2021,V40、V60、S60、S90、V90、XC40、XC40 Recharge、XC60、XC90、C40 Recharge
Volvo,歐洲 (瑞典),2022,V60、S60、S90、V90、XC40、XC40 Recharge、XC60、XC90、C40 Recharge
Volvo,歐洲 (瑞典),2023,V60、S60、S90、V90、EX30、XC40、XC40 Recharge、XC60、XC90、C40 Recharge
Volvo,歐洲 (瑞典),2024,S60、S90、V60、V90、EX30、EX40、EX90、XC40、XC60、XC90、C40 Recharge
